<?xml version="1.0" encoding="UTF-8"?>
<config>
  <game_settings>
    <version>1.0.1</version>
    <game_version>DeltaForceMobile_1.2.3</game_version>
    <last_updated>2025-05-24</last_updated>
    <god_mode enabled="true">
      <invincibility>true</invincibility>
      <damage_immunity>100</damage_immunity>
      <health_regen_rate>50.0</health_regen_rate>
      <max_health>200</max_health>
      <armor_regen_rate>20.0</armor_regen_rate>
      <description>Grants full invincibility and rapid health and armor regeneration (HP/armor per second).</description>
    </god_mode>
    <aimbot enabled="true">
      <sensitivity>
        <assault_rifle>1.0</assault_rifle>
        <sniper>0.95</sniper>
        <smg>1.1</smg>
      </sensitivity>
      <fov>180</fov>
      <target_priority>closest</target_priority>
      <smoothness>0.9</smoothness>
      <dynamic_sensitivity>true</dynamic_sensitivity>
      <sticky_target>true</sticky_target>
      <weapon_types>
        <type>AR</type>
        <type>Sniper</type>
        <type>SMG</type>
        <type>Shotgun</type>
      </weapon_types>
      <description>Strong auto-aim with sticky targeting, weapon-specific sensitivity, and 180-degree FOV.</description>
    </aimbot>
    <aimlock enabled="true">
      <lock_duration>5.0</lock_duration>
      <smoothness>
        <assault_rifle>0.95</assault_rifle>
        <sniper>0.85</sniper>
        <smg>0.95</smg>
      </smoothness>
      <lock_on_head>true</lock_on_head>
      <headshot_priority>0.95</headshot_priority>
      <fov>180</fov>
      <range>100.0</range>
      <sticky_aim>true</sticky_aim>
      <ads_mode>true</ads_mode>
      <non_ads_mode>true</non_ads_mode>
      <description>Powerful sticky aimlock on enemy, works with/without ADS, prioritizes headshots.</description>
    </aimlock>
    <aim_assist enabled="true">
      <strength>0.95</strength>
      <auto_aim_range>90.0</auto_aim_range>
      <snap_speed>0.3</snap_speed>
      <assist_fov>120</assist_fov>
      <description>Strong aim assist with quick snap and extended range.</description>
    </aim_assist>
    <high_damage enabled="true">
      <damage_multiplier>
        <assault_rifle>2.5</assault_rifle>
        <sniper>3.0</sniper>
        <smg>2.0</smg>
      </damage_multiplier>
      <critical_hit_chance>0.7</critical_hit_chance>
      <critical_hit_multiplier>3.0</critical_hit_multiplier>
      <description>Increases damage output with weapon-specific multipliers.</description>
    </high_damage>
    <no_recoil enabled="true">
      <recoil_reduction>1.0</recoil_reduction>
      <stabilization_time>0.0</stabilization_time>
      <recoil_pattern>none</recoil_pattern>
      <description>Completely eliminates recoil for all weapons.</description>
    </no_recoil>
    <magic_bullet enabled="true">
      <range>150.0</range>
      <penetration>true</penetration>
      <penetration_depth>2.0</penetration_depth>
      <auto_target>true</auto_target>
      <description>Bullets auto-hit targets with wall penetration.</description>
    </magic_bullet>
    <bullet_track enabled="true">
      <track_speed>20.0</track_speed>
      <curve_factor>0.4</curve_factor>
      <max_track_distance>100.0</max_track_distance>
      <track_mode>predictive</track_mode>
      <description>Tracks bullet trajectory with predictive targeting.</description>
    </bullet_track>
    <no_lag enabled="true">
      <frame_rate>90</frame_rate>
      <network_optimization>true</network_optimization>
      <latency_reduction>0.9</latency_reduction>
      <server_region>auto</server_region>
      <description>Optimizes performance for high frame rate and reduced network lag.</description>
    </no_lag>
    <unlimited_ammo enabled="true">
      <ammo_count>-1</ammo_count>
      <reload_time>0.0</reload_time>
      <magazine_size_multiplier>
        <assault_rifle>2.0</assault_rifle>
        <sniper>1.5</sniper>
        <smg>2.5</smg>
      </magazine_size_multiplier>
      <description>Provides unlimited ammo with no reload.</description>
    </unlimited_ammo>
    <speed_hack enabled="true">
      <speed_multiplier>2.0</speed_multiplier>
      <sprint_duration>infinite</sprint_duration>
      <jump_height_multiplier>1.5</jump_height_multiplier>
      <crouch_speed>1.3</crouch_speed>
      <description>Increases movement speed, jump height, and crouch speed.</description>
    </speed_hack>
    <wallhack enabled="true">
      <visibility_range>300.0</visibility_range>
      <highlight_enemies>true</highlight_enemies>
      <show_items>true</show_items>
      <environment_fog>false</environment_fog>
      <night_mode_support>true</night_mode_support>
      <description>See enemies and items through walls, works in fog and night.</description>
    </wallhack>
    <auto_heal enabled="true">
      <heal_rate>15.0</heal_rate>
      <heal_interval>0.5</heal_interval>
      <max_health>200</max_health>
      <auto_medkit>true</auto_medkit>
      <description>Auto-heals player with medkit support.</description>
    </auto_heal>
    <hitbox_modification enabled="true">
      <hitbox_size_multiplier>3.0</hitbox_size_multiplier>
      <headshot_hitbox_increase>2.0</headshot_hitbox_increase>
      <body_hitbox_increase>3.0</body_hitbox_increase>
      <limb_hitbox_increase>2.5</limb_hitbox_increase>
      <damage_on_hitbox>true</damage_on_hitbox>
      <damage_multiplier>1.5</damage_multiplier>
      <description>Increases enemy hitbox sizes significantly, ensures damage on hitbox shots.</description>
    </hitbox_modification>
    <esp enabled="true">
      <enemy_color>red</enemy_color>
      <distance_display>true</distance_display>
      <health_bar>true</health_bar>
      <visibility_range>250.0</visibility_range>
      <name_display>true</name_display>
      <environment_adaptation>true</environment_adaptation>
      <description>Shows enemy names, health, and distance, adapts to environment.</description>
    </esp>
    <auto_fire enabled="true">
      <fire_rate>0.1</fire_rate>
      <trigger_range>50.0</trigger_range>
      <crosshair_size>10</crosshair_size>
      <crosshair_color>green</crosshair_color>
      <description>Auto-fires with custom crosshair settings.</description>
    </auto_fire>
    <teleport enabled="true">
      <max_distance>100.0</max_distance>
      <cooldown>5.0</cooldown>
      <teleport_mode>safe</teleport_mode>
      <description>Teleport within max distance with safe mode.</description>
    </teleport>
    <anti_ban enabled="true">
      <obfuscate_scripts>true</obfuscate_scripts>
      <bypass_detection>true</bypass_detection>
      <randomize_packet_data>true</randomize_packet_data>
      <description>Attempts to bypass anti-cheat with randomized data.</description>
    </anti_ban>
    <android_optimization enabled="true">
      <cpu_usage_limit>0.7</cpu_usage_limit>
      <memory_optimization>true</memory_optimization>
      <background_process_limit>2</background_process_limit>
      <battery_saver>true</battery_saver>
      <thermal_management>true</thermal_management>
      <description>Optimizes CPU, memory, and battery for Android devices.</description>
    </android_optimization>
    <low_ms enabled="true">
      <target_latency>20</target_latency>
      <network_priority>high</network_priority>
      <ping_optimization>true</ping_optimization>
      <server_selection>closest</server_selection>
      <description>Reduces network latency to achieve low ping (ms).</description>
    </low_ms>
    <high_fps enabled="true">
      <target_fps>90</target_fps>
      <dynamic_fps_adjustment>true</dynamic_fps_adjustment>
      <fps_lock>true</fps_lock>
      <description>Targets 90 FPS with dynamic adjustment and lock.</description>
    </high_fps>
    <smooth_graphics enabled="true">
      <texture_quality>medium</texture_quality>
      <anti_aliasing>true</anti_aliasing>
      <shadows>false</shadows>
      <particle_effects>low</particle_effects>
      <description>Optimizes graphics for smooth visuals.</description>
    </smooth_graphics>
    <no_frame_drop enabled="true">
      <frame_stabilization>true</frame_stabilization>
      <buffer_size>2</buffer_size>
      <render_priority>high</render_priority>
      <description>Prevents frame drops with high render priority.</description>
    </no_frame_drop>
  </game_settings>
</config>